Question,Flat RAG Answer,Flat RAG Tokens,Flat RAG Time (s),Graph RAG Answer,Graph RAG Entity,Graph RAG Tokens,Graph RAG Time (s)
OpenAI được thành lập vào năm nào và bởi những ai?,OpenAI được thành lập vào năm không được cung cấp trong ngữ cảnh trên. Bởi những ai cũng không được cung cấp trong ngữ cảnh trên.,234,1.9,"Based on the provided context from the knowledge graph, OpenAI was founded in the United States and includes OpenAI Incorporated.",OpenAI,308,1.7
Microsoft đã đầu tư bao nhiêu tiền vào OpenAI trong năm 2019 và 2023?,Microsoft đã đầu tư 1 tỷ USD vào OpenAI trong năm 2019 và khoản đầu tư thứ hai vào tháng 1 năm 2023 được báo cáo là 10 tỷ USD.,241,1.42,"I'm sorry, but based on the provided context from the knowledge graph, there is no specific information regarding the exact amount of money that Microsoft invested in OpenAI in the years 2019 and 2023.",Microsoft,912,2.09
Google được thành lập bởi ai và vào thời gian nào?,Google được thành lập bởi Larry Page và Sergey Brin vào năm 1998.,210,1.72,Answer: The knowledge graph does not provide information on who founded Google or when it was founded.,Google,174,1.43
Ai đã thay thế Larry Page để trở thành CEO của Google?,Sundar Pichai,184,1.55,"Based on the provided context from the knowledge graph, Larry Page was the CEO of Google.",Google,165,1.57
Microsoft thâu tóm LinkedIn vào năm nào và với giá bao nhiêu?,"Microsoft thâu tóm LinkedIn vào tháng 12 năm 2016 với giá 26,2 tỉ đô la.",373,1.85,"Based on the provided context from the knowledge graph, Microsoft acquired LinkedIn. However, the specific year and price of the acquisition are not mentioned in the given information.",Microsoft,895,1.99
Satya Nadella bắt đầu nhận vai trò CEO của Microsoft từ năm nào?,Satya Nadella bắt đầu nhận vai trò CEO của Microsoft từ năm 2014.,247,1.31,Satya Nadella bắt đầu nhận vai trò CEO của Microsoft từ năm 2014.,Satya Nadella,544,1.87
Công ty nào được sáng lập bởi Bill Gates và Paul Allen?,Công ty được sáng lập bởi Bill Gates và Paul Allen là Microsoft.,207,1.1,Microsoft,Bill Gates và Paul Allen,160,1.46
Apple được thành lập vào tháng 4 năm 1976 bởi những ai?,"Apple được thành lập vào tháng 4 năm 1976 bởi Steve Jobs, Steve Wozniak và Ronald Wayne.",244,1.42,"Apple được thành lập vào tháng 4 năm 1976 bởi Steve Jobs, Steve Wozniak và Ronald Wayne.",Apple,1193,1.7
Ai đã trở thành Giám đốc điều hành mới của Apple sau khi Steve Jobs từ chức vào tháng 8 năm 2011?,Tim Cook,252,1.02,Tim Cook,Apple,1190,1.53
Apple đã đạt được cột mốc định giá 2 nghìn tỷ đô la Mỹ vào thời gian nào?,Apple đã đạt được cột mốc định giá 2 nghìn tỷ đô la Mỹ vào tháng 8 năm 2020.,309,1.98,Apple đã đạt được cột mốc định giá 2 nghìn tỷ đô la Mỹ vào năm 2020.,Apple,1231,1.98
Anthropic được thành lập vào năm 2021 bởi những cựu thành viên của tổ chức nào?,OpenAI,186,1.35,Anthropic was founded in 2021 by former members of OpenAI.,Anthropic,271,1.56
Ai là chủ tịch và CEO của Anthropic?,Elon Musk là chủ tịch và CEO của Anthropic.,192,1.34,Dario Amodei là chủ tịch và CEO của Anthropic.,Anthropic,235,1.45
Công ty xAI được thành lập bởi ai và vào năm nào?,"Công ty xAI được thành lập bởi Sam Altman, Reid Hoffman, Jessica Livingston, Elon Musk, Ilya Sutskever, Peter Thiel và những người khác vào năm 2015.",238,1.93,No information found for this entity.,Công ty xAI,166,1.94
xAI là công ty con thuộc sở hữu của tập đoàn hàng không vũ trụ nào?,OpenAI LP,207,1.67,xAI là công ty con thuộc sở hữu của SpaceX.,xAI,346,2.02
Google DeepMind được thành lập ban đầu với tên gọi là gì?,Google DeepMind Technologies.,217,0.93,DeepMind Technologies,Google DeepMind,200,1.37
Chương trình AlphaGo của DeepMind đã làm được điều gì nổi bật vào năm 2016?,Chương trình AlphaGo của DeepMind đã đánh bại một kiện tướng cờ vây chuyên nghiệp của con người lần đầu tiên vào năm 2016.,251,1.68,"Sorry, I cannot provide an answer based on the given context from the knowledge graph.",DeepMind,229,2.26
Công ty nào đã mua lại DeepMind vào năm 2014?,Google,184,0.94,Công ty nào đã mua lại DeepMind vào năm 2014? - Không có thông tin cụ thể về công ty nào đã mua lại DeepMind vào năm 2014 trong ngữ cảnh được cung cấp.,DeepMind,253,2.42
Sản phẩm chatbot AI nổi bật của xAI tên là gì?,Sản phẩm chatbot AI nổi bật của OpenAI là GPT-3.,205,1.29,Trả lời: Sản phẩm chatbot AI nổi bật của xAI tên là Grok.,xAI,330,2.12
Các sản phẩm phần cứng mà Apple sản xuất bao gồm những gì?,"Các sản phẩm phần cứng mà Apple sản xuất bao gồm điện thoại thông minh iPhone, máy tính bảng iPad, máy tính xách tay MacBook, máy tính cá nhân Mac, máy nghe nhạc di động iPod, đồng hồ thông minh Apple Watch, máy phát đa phương tiện kỹ thuật số Apple TV, tai nghe không dây AirPods, tai nghe AirPods Max và loa thông minh HomePod.",580,2.57,Các sản phẩm phần cứng mà Apple sản xuất bao gồm iPhone.,Apple,1188,1.93
Microsoft đã tung ra máy tính bảng nào vào năm 2012?,Microsoft đã tung ra máy tính bảng Microsoft Surface vào năm 2012.,387,1.51,"Based on the provided context from the knowledge graph, there is no information available regarding Microsoft launching a tablet in 2012.",Microsoft,880,1.53
